117 222 93 46 141 191 43 106 58 102 175 159 187 206 165 139 ;173 232 169 51 118 79 74 162 126 9 74 250 194 136 63 191 ;137 107 19 45 20 12 119 116 11 219 79 138 114 214 84 54 ;96 217 208 48 129 246 194 207 242 208 34 235 73 30 205 218 26 238 45 83 87 56 17 129 103 153 239 251 191 26 148 202 ;117 222 93 46 141 191 43 106 58 102 175 159 187 206 165 139 ;192 199 157 49 128 58 69 242 144 100 72 78 157 170 241 85 234 194 65 70 143 132 128 3 111 130 235 165 238 4 140 240 4
118 13 8 203 52 185 91 94 202 61 109 143 108 112 165 104 ;162 124 146 225 43 253 223 91 96 141 120 92 249 152 133 112 ;76 12 141 135 52 226 14 37 99 203 52 252 118 155 77 32 ;34 175 101 239 159 68 52 232 137 75 251 95 51 41 33 155 228 215 97 191 62 157 220 99 110 178 153 238 68 204 235 34 ;117 222 93 46 141 191 43 106 58 102 175 159 187 206 165 139 ;149 66 107 149 72 47 91 236 62 183 132 213 180 83 1 140 111 77 152 180 169 22 197 60 142 124 160 75 108 150 61 159 4
38 24 10 45 212 17 75 234 118 194 68 40 255 72 160 99 ;200 227 109 47 168 248 45 34 176 107 170 186 43 146 187 112 ;189 8 208 178 11 171 117 3 59 236 211 30 28 53 174 40 ;124 65 241 127 129 26 151 201 250 196 169 119 230 8 102 203 243 23 23 123 97 240 1 8 237 125 3 220 85 163 80 159 ;117 222 93 46 141 191 43 106 58 102 175 159 187 206 165 139 ;21 40 98 183 91 164 213 211 13 252 69 86 68 107 169 103 109 69 225 98 89 251 57 158 69 116 169 60 174 47 254 227 4
126 209 169 10 127 103 154 241 31 233 113 184 2 212 126 235 ;102 194 147 165 104 20 12 121 152 198 130 27 132 115 61 168 ;218 255 251 59 227 143 81 161 186 182 32 212 44 37 61 148 ;177 115 8 213 16 123 132 13 237 109 13 218 177 120 162 210 ;117 222 93 46 141 191 43 106 58 102 175 159 187 206 165 139 ;225 221 92 176 59 183 74 133 169 82 255 59 210 117 193 84 155 144 111 134 65 237 104 46 105 246 36 91 208 19 147 248 4
245 68 68 155 51 70 150 250 14 25 119 235 42 188 214 129 ;141 87 7 8 213 44 195 234 234 44 255 181 131 90 131 237 ;141 87 7 8 213 44 195 234 234 44 255 181 131 90 131 237 ;147 57 134 35 179 146 32 167 129 30 200 165 131 17 87 19 120 232 220 17 168 251 80 145 141 186 144 232 88 9 208 254 ;117 222 93 46 141 191 43 106 58 102 175 159 187 206 165 139 ;39 61 247 24 160 178 242 75 228 22 41 61 165 176 223 38 124 182 23 162 55 24 73 81 210 248 15 105 5 225 246 233 4
24 24 241 119 220 78 176 205 104 18 88 132 84 211 122 4 ;225 45 95 40 228 167 249 40 78 129 248 136 181 225 235 15 ;225 45 95 40 228 167 249 40 78 129 248 136 181 225 235 15 ;103 220 101 77 1 159 230 95 208 216 121 148 152 98 216 170 ;117 222 93 46 141 191 43 106 58 102 175 159 187 206 165 139 ;225 221 92 176 59 183 74 133 169 82 255 59 210 117 193 84 13 200 59 176 99 179 44 238 55 60 19 86 158 202 67 81 4
39 252 44 195 151 142 147 136 76 36 9 249 183 55 113 28 ;225 45 95 40 228 167 249 40 78 129 248 136 181 225 235 15 ;225 45 95 40 228 167 249 40 78 129 248 136 181 225 235 15 ;224 36 35 42 3 107 91 113 49 89 179 215 159 177 67 251 ;117 222 93 46 141 191 43 106 58 102 175 159 187 206 165 139 ;225 221 92 176 59 183 74 133 169 82 255 59 210 117 193 84 240 29 124 204 229 76 49 188 9 120 162 41 103 136 24 52 4
198 55 7 22 49 22 195 41 5 216 169 82 161 145 123 17 ;225 45 95 40 228 167 249 40 78 129 248 136 181 225 235 15 ;225 45 95 40 228 167 249 40 78 129 248 136 181 225 235 15 ;88 74 133 224 23 230 2 20 183 91 144 141 115 10 253 183 ;117 222 93 46 141 191 43 106 58 102 175 159 187 206 165 139 ;46 218 202 111 75 53 34 88 97 145 175 145 174 175 169 84 73 244 75 119 253 214 248 128 67 20 130 160 56 187 65 193 4
38 53 164 32 190 195 8 151 8 21 10 56 117 50 22 190 ;225 45 95 40 228 167 249 40 78 129 248 136 181 225 235 15 ;225 45 95 40 228 167 249 40 78 129 248 136 181 225 235 15 ;202 43 114 38 189 189 193 91 211 108 21 230 11 135 145 49 ;117 222 93 46 141 191 43 106 58 102 175 159 187 206 165 139 ;133 34 223 235 107 68 191 216 41 231 98 147 58 47 189 133 37 166 8 102 168 111 224 245 203 135 225 178 8 176 158 202 4
121 19 60 207 17 7 175 151 15 226 23 164 210 45 25 122 ;225 45 95 40 228 167 249 40 78 129 248 136 181 225 235 15 ;225 45 95 40 228 167 249 40 78 129 248 136 181 225 235 15 ;203 97 49 24 110 184 58 12 79 37 37 255 141 253 56 156 ;117 222 93 46 141 191 43 106 58 102 175 159 187 206 165 139 ;95 236 13 73 70 239 39 224 13 161 115 97 166 51 181 179 244 248 163 71 17 159 108 122 228 94 194 219 110 38 65 155 4
157 48 81 79 223 150 38 130 98 101 49 203 57 103 135 112 ;225 45 95 40 228 167 249 40 78 129 248 136 181 225 235 15 ;225 45 95 40 228 167 249 40 78 129 248 136 181 225 235 15 ;90 93 226 124 209 29 66 143 145 74 142 123 169 233 90 80 ;117 222 93 46 141 191 43 106 58 102 175 159 187 206 165 139 ;168 191 225 113 138 143 192 0 213 115 102 29 30 250 96 53 80 126 187 241 215 252 114 114 115 173 109 74 240 103 118 192 4
143 244 235 36 27 163 221 160 94 139 218 88 165 129 239 196 ;225 45 95 40 228 167 249 40 78 129 248 136 181 225 235 15 ;225 45 95 40 228 167 249 40 78 129 248 136 181 225 235 15 ;94 53 61 128 40 120 127 222 16 33 137 131 153 30 213 88 ;117 222 93 46 141 191 43 106 58 102 175 159 187 206 165 139 ;178 129 136 248 186 153 91 225 135 227 225 178 20 1 48 238 178 254 208 130 91 252 41 62 78 41 47 219 0 246 228 195 4
39 229 48 103 148 173 245 52 79 234 104 184 105 9 229 64 ;225 45 95 40 228 167 249 40 78 129 248 136 181 225 235 15 ;225 45 95 40 228 167 249 40 78 129 248 136 181 225 235 15 ;113 90 54 25 119 33 125 94 90 24 251 70 250 94 160 163 ;117 222 93 46 141 191 43 106 58 102 175 159 187 206 165 139 ;67 174 118 194 203 181 203 209 56 12 78 119 217 232 130 226 85 41 185 238 74 143 243 45 247 178 23 127 246 119 180 140 4
83 169 240 246 7 83 92 125 217 151 136 238 96 57 242 18 ;225 45 95 40 228 167 249 40 78 129 248 136 181 225 235 15 ;225 45 95 40 228 167 249 40 78 129 248 136 181 225 235 15 ;77 45 148 77 110 17 231 223 228 14 2 202 206 185 199 0 ;117 222 93 46 141 191 43 106 58 102 175 159 187 206 165 139 ;37 82 198 175 91 111 163 253 167 63 156 76 140 95 54 71 161 25 141 3 166 222 19 128 130 47 107 181 63 167 95 1 4
